seed,mdp_time_s,ppo_time_s,mdp_finish,ppo_finish,mdp_legal,ppo_legal,ppo_minus_mdp_time_s
10000,5316.126020004253,5311.721633881932,4.0,4.0,1.0,1.0,-4.404386122321739
10001,5337.7969220806945,5340.029739817473,5.0,5.0,1.0,1.0,2.232817736778088
10002,5267.641555617379,5274.151197727193,2.0,2.0,1.0,1.0,6.5096421098141946
10003,5265.620198009072,5270.786400921558,2.0,2.0,1.0,1.0,5.166202912486369
10004,5288.3908449068385,5307.5578091734105,3.0,4.0,1.0,1.0,19.166964266571995
10005,5303.862331781201,5319.61614185847,3.0,4.0,1.0,1.0,15.753810077269009
10006,5255.015271112666,5250.3459473529565,2.0,2.0,1.0,1.0,-4.669323759709187
10007,5274.190769593708,5278.266035300338,3.0,3.0,1.0,1.0,4.075265706630489
10008,5243.473296893343,5246.694776436183,1.0,1.0,1.0,1.0,3.2214795428399157
10009,5262.561295246472,5263.899252625889,2.0,2.0,1.0,1.0,1.3379573794172757
10010,5277.12837054959,5271.830636671132,3.0,3.0,1.0,1.0,-5.2977338784576204
10011,5269.328788029899,5304.650064243426,3.0,3.0,1.0,1.0,35.32127621352629
10012,5278.773205311805,5286.078176903156,3.0,3.0,1.0,1.0,7.3049715913512046
10013,5301.651896242677,5301.651896242677,3.0,3.0,1.0,1.0,0.0
10014,5255.632475715481,5248.174946428923,2.0,1.0,1.0,1.0,-7.457529286557474
10015,5282.429295765448,5281.212821403942,3.0,3.0,1.0,1.0,-1.2164743615057887
10016,5244.155714668746,5256.0199021406925,1.0,1.0,1.0,1.0,11.864187471946025
10017,5249.325674258235,5246.280375831587,2.0,2.0,1.0,1.0,-3.0452984266485146
10018,5282.098810465261,5282.084043000375,3.0,3.0,1.0,1.0,-0.014767464886062953
10019,5249.252314187426,5249.252314187426,3.0,3.0,1.0,1.0,0.0
10020,5248.845206455433,5287.555883092789,1.0,3.0,1.0,1.0,38.7106766373563
10021,5277.096996826687,5262.731290166558,3.0,2.0,1.0,1.0,-14.365706660129035
10022,5273.782704236637,5279.92084565942,2.0,3.0,1.0,1.0,6.13814142278261
10023,5277.041788980795,5278.551265957312,3.0,3.0,1.0,1.0,1.5094769765173623
10024,5258.781957708157,5284.977501750146,2.0,1.0,1.0,1.0,26.195544041988796
10025,5297.112715340942,5296.003550296669,4.0,4.0,1.0,1.0,-1.1091650442722312
10026,5266.769078596601,5255.7066967269775,3.0,2.0,1.0,1.0,-11.062381869623096
10027,5281.629368051073,5277.414338374477,3.0,3.0,1.0,1.0,-4.215029676595805
10028,5287.2379556832375,5275.037446512016,3.0,2.0,1.0,1.0,-12.20050917122171
10029,5275.818660434473,5279.6721653289005,3.0,3.0,1.0,1.0,3.853504894427715
10030,5280.153024061441,5278.829214401719,3.0,3.0,1.0,1.0,-1.3238096597224285
10031,5250.374851887836,5250.749329048741,3.0,3.0,1.0,1.0,0.3744771609053714
10032,5272.474827245677,5296.909994786464,2.0,3.0,1.0,1.0,24.435167540787006
10033,5251.066856052326,5278.559491315874,2.0,2.0,1.0,1.0,27.492635263547527
10034,5322.882855292356,5303.3914010491735,4.0,3.0,1.0,1.0,-19.49145424318249
10035,5285.413357086809,5277.844242061477,3.0,3.0,1.0,1.0,-7.5691150253314845
10036,5243.74838256606,5257.049901236252,1.0,1.0,1.0,1.0,13.301518670191399
10037,5266.910455896446,5274.397801796663,2.0,2.0,1.0,1.0,7.487345900216496
10038,5283.418473940084,5285.513053553772,3.0,3.0,1.0,1.0,2.0945796136875288
10039,5265.644453288007,5273.447849514795,3.0,2.0,1.0,1.0,7.803396226788209
10040,5348.176924313656,5374.109438974155,5.0,6.0,1.0,1.0,25.932514660498782
10041,5259.9706137679805,5264.796193861241,2.0,2.0,1.0,1.0,4.825580093260214
10042,5297.404001046044,5269.677549751284,3.0,2.0,1.0,1.0,-27.72645129476041
10043,5253.975884709285,5291.135786831542,1.0,2.0,1.0,1.0,37.159902122256426
10044,5282.465795393505,5283.958086080178,3.0,3.0,1.0,1.0,1.4922906866731864
10045,5249.882878160192,5249.716132743189,2.0,2.0,1.0,1.0,-0.16674541700376722
10046,5324.94250880951,5312.276425995555,5.0,4.0,1.0,1.0,-12.666082813955654
10047,5278.605253870899,5278.041208382697,2.0,3.0,1.0,1.0,-0.5640454882022823
10048,5284.3326366328465,5287.031006907356,3.0,3.0,1.0,1.0,2.698370274509216
10049,5295.085956350603,5294.026285180845,3.0,3.0,1.0,1.0,-1.0596711697580758
10050,5277.528220637339,5282.169461968022,2.0,3.0,1.0,1.0,4.641241330683442
10051,5272.950214702426,5265.96412595634,3.0,2.0,1.0,1.0,-6.986088746086352
10052,5250.929899247217,5251.8196127650135,3.0,3.0,1.0,1.0,0.8897135177967357
10053,5266.246819454921,5273.3473346879655,3.0,2.0,1.0,1.0,7.100515233044462
10054,5387.071998221325,5303.225560615681,6.0,3.0,1.0,1.0,-83.84643760564359
10055,5280.339107471421,5264.108391074235,3.0,2.0,1.0,1.0,-16.23071639718546
10056,5253.994282378911,5257.538811976263,1.0,2.0,1.0,1.0,3.544529597352266
10057,5289.076041910205,5279.979527557632,4.0,2.0,1.0,1.0,-9.09651435257365
10058,5307.3735139728615,5345.40429420244,4.0,4.0,1.0,1.0,38.03078022957834
10059,5261.830600014243,5303.159085884604,2.0,2.0,1.0,1.0,41.328485870360964
10060,5268.858558400394,5313.909475479194,2.0,2.0,1.0,1.0,45.05091707880001
10061,5249.411990097793,5257.741684241085,2.0,2.0,1.0,1.0,8.329694143291817
10062,5263.753296801953,5262.616212920051,3.0,3.0,1.0,1.0,-1.1370838819020719
10063,5249.954460503031,5250.733164568351,2.0,2.0,1.0,1.0,0.7787040653192889
10064,5270.500011014365,5269.255511816591,2.0,2.0,1.0,1.0,-1.2444991977736208
10065,5274.857855003668,5262.332671042144,2.0,1.0,1.0,1.0,-12.525183961523908
10066,5247.6367939224465,5295.129680965445,1.0,2.0,1.0,1.0,47.49288704299852
10067,5271.459177473203,5270.612248323186,3.0,3.0,1.0,1.0,-0.846929150017786
10068,5258.321336754493,5272.913528840238,1.0,2.0,1.0,1.0,14.5921920857445
10069,5251.602299585961,5253.485031642509,2.0,2.0,1.0,1.0,1.8827320565478658
10070,5267.603548941935,5250.730339312934,3.0,3.0,1.0,1.0,-16.873209629000485
10071,5249.268894084413,5247.26913667731,2.0,2.0,1.0,1.0,-1.9997574071030613
10072,5285.167109700731,5282.638486965871,3.0,3.0,1.0,1.0,-2.5286227348597095
10073,5319.512069706431,5327.757300061174,5.0,4.0,1.0,1.0,8.245230354742489
10074,5248.930257957594,5246.686592826236,2.0,2.0,1.0,1.0,-2.2436651313582843
10075,5316.4098259803395,5278.722499363241,3.0,2.0,1.0,1.0,-37.68732661709873
10076,5243.40632085505,5266.691421426011,1.0,1.0,1.0,1.0,23.28510057096173
10077,5307.350874818889,5280.165266055396,3.0,1.0,1.0,1.0,-27.185608763492382
10078,5299.139655586521,5304.406139580111,3.0,4.0,1.0,1.0,5.266483993589645
10079,5273.901008823374,5273.901008823374,3.0,3.0,1.0,1.0,0.0
10080,5252.973213275446,5265.464310493383,1.0,1.0,1.0,1.0,12.49109721793684
10081,5266.538477862358,5271.792074335189,2.0,2.0,1.0,1.0,5.253596472830395
10082,5251.984277378603,5248.66922552174,2.0,1.0,1.0,1.0,-3.3150518568627376
10083,5310.972753831118,5278.2880887070605,4.0,3.0,1.0,1.0,-32.684665124057574
10084,5277.060032421556,5275.26940025603,3.0,3.0,1.0,1.0,-1.7906321655254942
10085,5256.390681710298,5256.390681710298,3.0,3.0,1.0,1.0,0.0
10086,5259.903830131079,5252.504606071614,3.0,3.0,1.0,1.0,-7.3992240594652685
10087,5258.222615923704,5275.8555788633275,3.0,2.0,1.0,1.0,17.632962939623212
10088,5243.785998798125,5254.194073261718,1.0,1.0,1.0,1.0,10.408074463593039
10089,5263.307295209482,5261.99019613821,2.0,2.0,1.0,1.0,-1.3170990712715138
10090,5297.811988250152,5269.98960415278,3.0,1.0,1.0,1.0,-27.822384097372378
10091,5259.680638260635,5258.868547582647,2.0,2.0,1.0,1.0,-0.8120906779877259
10092,5329.598692287073,5330.263757134098,4.0,4.0,1.0,1.0,0.6650648470249507
10093,5269.938352879967,5283.259407425107,2.0,3.0,1.0,1.0,13.321054545140214
10094,5256.67323838117,5256.656677380207,2.0,2.0,1.0,1.0,-0.0165610009635202
10095,5265.345001530348,5312.564096686204,3.0,4.0,1.0,1.0,47.21909515585594
10096,5296.055234208666,5298.469809217414,2.0,2.0,1.0,1.0,2.4145750087482156
10097,5263.393328091803,5251.1885174910785,1.0,1.0,1.0,1.0,-12.204810600724159
10098,5255.987847571137,5255.987847571137,3.0,3.0,1.0,1.0,0.0
10099,5255.394745761519,5258.294082405979,2.0,1.0,1.0,1.0,2.8993366444601634
10100,5253.704967677109,5258.628541401444,1.0,1.0,1.0,1.0,4.9235737243343465
10101,5267.13397095997,5263.780143889018,3.0,3.0,1.0,1.0,-3.353827070951411
10102,5272.260065974892,5275.167253860807,2.0,2.0,1.0,1.0,2.9071878859149365
10103,5294.509877501211,5321.199270267246,3.0,4.0,1.0,1.0,26.68939276603487
10104,5357.39942655312,5290.819980949764,4.0,3.0,1.0,1.0,-66.57944560335636
10105,5296.614827040827,5302.84729916233,3.0,3.0,1.0,1.0,6.232472121503633
10106,5247.210368786225,5256.638120574821,2.0,2.0,1.0,1.0,9.427751788595742
10107,5308.916805167007,5308.0329337017165,4.0,4.0,1.0,1.0,-0.8838714652902127
10108,5244.19281868869,5250.4784128311085,2.0,2.0,1.0,1.0,6.285594142418631
10109,5257.478753443648,5258.720832258947,3.0,3.0,1.0,1.0,1.2420788152985551
10110,5270.4765930260255,5274.631615516077,3.0,3.0,1.0,1.0,4.155022490051124
10111,5266.9178453316545,5264.0655685684505,3.0,3.0,1.0,1.0,-2.8522767632039177
10112,5279.332448335484,5276.582805349199,2.0,2.0,1.0,1.0,-2.7496429862849254
10113,5330.418536270043,5303.11561753275,3.0,3.0,1.0,1.0,-27.302918737293112
10114,5313.866184281997,5312.550893731364,3.0,3.0,1.0,1.0,-1.315290550633108
10115,5238.918483100015,5315.084876995314,1.0,3.0,1.0,1.0,76.16639389529882
10116,5274.274758206522,5277.740595172583,3.0,3.0,1.0,1.0,3.4658369660610333
10117,5254.701822132053,5254.4746082556685,2.0,3.0,1.0,1.0,-0.22721387638466695
10118,5239.477188457715,5238.81672365328,2.0,2.0,1.0,1.0,-0.6604648044349233
10119,5280.071075716245,5284.6349166749915,4.0,4.0,1.0,1.0,4.563840958746368
10120,5279.025127660977,5268.697133265792,3.0,2.0,1.0,1.0,-10.32799439518476
10121,5254.8592206824205,5263.54371846176,2.0,2.0,1.0,1.0,8.684497779339836
10122,5290.045673349845,5289.914079889018,3.0,3.0,1.0,1.0,-0.1315934608273892
10123,5279.989567183203,5278.424850197697,3.0,3.0,1.0,1.0,-1.5647169855055836
10124,5256.956287710376,5271.7537182461565,3.0,3.0,1.0,1.0,14.797430535780222
10125,5310.199613550848,5347.635829558407,4.0,5.0,1.0,1.0,37.43621600755887
10126,5244.764730530837,5246.310715588045,2.0,3.0,1.0,1.0,1.5459850572078722
10127,5252.811076328926,5258.677329320894,2.0,2.0,1.0,1.0,5.866252991968395
10128,5258.230174537945,5275.26287058546,1.0,1.0,1.0,1.0,17.032696047515856
10129,5246.679753114235,5245.600379786313,1.0,1.0,1.0,1.0,-1.0793733279215303
10130,5271.516441774539,5287.618882078004,3.0,3.0,1.0,1.0,16.1024403034653
10131,5262.404902538783,5273.817121808299,2.0,1.0,1.0,1.0,11.412219269515845
10132,5299.028115145122,5285.390377559141,3.0,3.0,1.0,1.0,-13.637737585981085
10133,5248.879774534471,5257.036146086303,2.0,2.0,1.0,1.0,8.156371551832308
10134,5298.463496354963,5298.710501327047,3.0,3.0,1.0,1.0,0.24700497208323213
10135,5271.621055798905,5251.294193280693,2.0,3.0,1.0,1.0,-20.326862518211783
10136,5253.403777125654,5258.395923910658,2.0,2.0,1.0,1.0,4.99214678500357
10137,5254.098936791897,5249.769563521431,2.0,2.0,1.0,1.0,-4.3293732704660215
10138,5346.3136004379085,5312.454377682273,5.0,4.0,1.0,1.0,-33.85922275563553
10139,5275.95156676815,5276.388180075488,3.0,3.0,1.0,1.0,0.43661330733812065
10140,5285.901087581834,5287.817630253369,3.0,3.0,1.0,1.0,1.9165426715353533
10141,5290.950040781324,5311.473780429644,3.0,4.0,1.0,1.0,20.52373964831986
10142,5260.121613706427,5243.702549103514,2.0,2.0,1.0,1.0,-16.41906460291284
10143,5279.888952510241,5265.195520618952,3.0,3.0,1.0,1.0,-14.693431891289038
10144,5344.994711023524,5335.903208534253,4.0,4.0,1.0,1.0,-9.091502489271079
10145,5295.013638937194,5283.54711837785,3.0,3.0,1.0,1.0,-11.466520559343735
10146,5253.902350420598,5256.601833493182,2.0,1.0,1.0,1.0,2.6994830725843713
10147,5268.293553807893,5254.874942366129,2.0,2.0,1.0,1.0,-13.41861144176346
10148,5240.883597833722,5249.482396951277,2.0,2.0,1.0,1.0,8.598799117555245
10149,5281.939679973047,5279.939249131804,3.0,3.0,1.0,1.0,-2.0004308412426326
10150,5256.326437395587,5257.696267509948,3.0,3.0,1.0,1.0,1.3698301143604112
10151,5247.272894195719,5248.249636275355,2.0,2.0,1.0,1.0,0.9767420796360966
10152,5342.299538240275,5341.934824954906,5.0,5.0,1.0,1.0,-0.364713285369362
10153,5283.037362450703,5288.58318302074,4.0,3.0,1.0,1.0,5.5458205700369945
10154,5248.241493996961,5250.899325797779,2.0,2.0,1.0,1.0,2.657831800817803
10155,5276.805264825512,5280.165576498735,3.0,2.0,1.0,1.0,3.360311673223805
10156,5266.734940957578,5289.648314403678,3.0,3.0,1.0,1.0,22.913373446100195
10157,5274.387181273041,5247.183021646105,3.0,2.0,1.0,1.0,-27.204159626936416
10158,5290.795167678095,5314.412396323865,3.0,4.0,1.0,1.0,23.61722864577041
10159,5302.081350997225,5277.8755940253,3.0,2.0,1.0,1.0,-24.20575697192453
10160,5274.8511302351,5275.328470177531,3.0,3.0,1.0,1.0,0.47733994243117195
10161,5350.7271383674,5378.833169849172,5.0,6.0,1.0,1.0,28.106031481772334
10162,5247.676415056519,5245.256243727419,2.0,2.0,1.0,1.0,-2.420171329099503
10163,5250.667123464563,5262.077922142212,2.0,2.0,1.0,1.0,11.410798677648927
10164,5256.6982358783,5257.553435404891,3.0,3.0,1.0,1.0,0.8551995265916048
10165,5255.327011814623,5272.889229900876,2.0,2.0,1.0,1.0,17.56221808625287
10166,5274.487334546447,5275.067489741465,3.0,3.0,1.0,1.0,0.580155195018051
10167,5285.331895381739,5285.331895381739,3.0,3.0,1.0,1.0,0.0
10168,5231.426345096026,5248.515816855925,1.0,1.0,1.0,1.0,17.089471759898515
10169,5288.743170847807,5288.743170847807,3.0,3.0,1.0,1.0,0.0
10170,5255.482288791966,5336.0995032836345,2.0,2.0,1.0,1.0,80.61721449166816
10171,5251.576871524598,5278.655408677133,1.0,2.0,1.0,1.0,27.07853715253532
10172,5268.375392182059,5285.276992029499,2.0,3.0,1.0,1.0,16.901599847439684
10173,5248.689860499295,5252.046698813321,2.0,2.0,1.0,1.0,3.3568383140263904
10174,5278.321265219586,5265.498838253806,3.0,3.0,1.0,1.0,-12.822426965780323
10175,5256.249006012714,5256.808953252522,1.0,2.0,1.0,1.0,0.5599472398080252
10176,5267.489732051383,5263.410756072147,2.0,2.0,1.0,1.0,-4.07897597923602
10177,5340.3608272562215,5339.168326750498,5.0,4.0,1.0,1.0,-1.1925005057237286
10178,5293.050917641469,5336.799007525828,4.0,4.0,1.0,1.0,43.748089884358706
10179,5270.773438413769,5283.7390624111085,2.0,3.0,1.0,1.0,12.965623997339208
10180,5251.659230966063,5261.9532683818825,2.0,2.0,1.0,1.0,10.29403741581973
10181,5314.07905122214,5311.925720600385,4.0,4.0,1.0,1.0,-2.153330621755231
10182,5265.165632772774,5270.281605176758,3.0,3.0,1.0,1.0,5.1159724039835055
10183,5267.766511389503,5248.904673638746,1.0,1.0,1.0,1.0,-18.861837750756422
10184,5260.11295099039,5263.9382120698165,1.0,2.0,1.0,1.0,3.8252610794261273
10185,5245.409198077603,5270.559065066905,1.0,1.0,1.0,1.0,25.1498669893017
10186,5289.775072652268,5266.637909946695,3.0,2.0,1.0,1.0,-23.137162705573246
10187,5278.1295536016905,5275.272735461033,3.0,3.0,1.0,1.0,-2.8568181406571966
10188,5276.725109989769,5247.665270830825,3.0,2.0,1.0,1.0,-29.05983915894467
10189,5268.573227787132,5276.25639075107,2.0,2.0,1.0,1.0,7.68316296393823
10190,5249.060238708513,5285.894803307651,2.0,3.0,1.0,1.0,36.8345645991385
10191,5264.35863810261,5260.95594470785,3.0,3.0,1.0,1.0,-3.402693394759808
10192,5261.56343459144,5270.956921485736,2.0,2.0,1.0,1.0,9.393486894296075
10193,5268.911323045835,5263.268002342605,3.0,3.0,1.0,1.0,-5.643320703230529
10194,5262.787860532231,5264.02948982849,2.0,2.0,1.0,1.0,1.2416292962589068
10195,5251.4415816099645,5262.0444962883,2.0,2.0,1.0,1.0,10.602914678335765
10196,5278.132918738504,5266.653375714214,3.0,2.0,1.0,1.0,-11.479543024289342
10197,5289.198301303046,5292.015487103041,3.0,3.0,1.0,1.0,2.817185799995059
10198,5305.608050466573,5265.311839028261,4.0,2.0,1.0,1.0,-40.29621143831264
10199,5260.060022132468,5259.4524877917975,2.0,2.0,1.0,1.0,-0.6075343406700995
10200,5269.655605167566,5277.919330347106,2.0,2.0,1.0,1.0,8.263725179539506
10201,5253.175106914284,5252.2465461368265,2.0,2.0,1.0,1.0,-0.9285607774572782
10202,5239.397343158555,5250.8727861982015,2.0,2.0,1.0,1.0,11.475443039646962
10203,5250.484742322459,5250.204634758387,1.0,1.0,1.0,1.0,-0.2801075640718409
10204,5273.647842860364,5275.139007948353,3.0,3.0,1.0,1.0,1.49116508798852
10205,5306.864563620139,5304.6536941277,4.0,4.0,1.0,1.0,-2.2108694924390875
10206,5261.413394541499,5303.214197633256,3.0,3.0,1.0,1.0,41.80080309175719
10207,5277.941065749921,5273.044058375397,3.0,2.0,1.0,1.0,-4.897007374524037
10208,5349.346559611153,5365.737409087056,5.0,6.0,1.0,1.0,16.39084947590345
10209,5309.1458037073,5301.297936676359,4.0,4.0,1.0,1.0,-7.847867030940506
10210,5259.931399375496,5267.347068821068,2.0,2.0,1.0,1.0,7.415669445572348
10211,5244.873571781245,5249.697250253126,2.0,2.0,1.0,1.0,4.823678471881067
10212,5271.002515379325,5270.548854992675,3.0,3.0,1.0,1.0,-0.45366038664997177
10213,5319.139276599875,5272.377098287529,3.0,3.0,1.0,1.0,-46.762178312345895
10214,5251.514232137734,5269.747200634357,1.0,1.0,1.0,1.0,18.23296849662256
10215,5273.859352697748,5277.062408040025,1.0,1.0,1.0,1.0,3.203055342276457
10216,5273.940480964008,5302.295308888241,3.0,3.0,1.0,1.0,28.354827924233177
10217,5260.081499497636,5257.75707443196,3.0,2.0,1.0,1.0,-2.3244250656762233
10218,5316.240297278184,5308.332914505503,4.0,4.0,1.0,1.0,-7.9073827726806485
10219,5313.568313402444,5314.4910428003595,4.0,4.0,1.0,1.0,0.9227293979156457
10220,5268.698501049589,5253.275814961807,1.0,2.0,1.0,1.0,-15.422686087782495
10221,5251.332160799066,5253.295570928176,2.0,2.0,1.0,1.0,1.9634101291103434
10222,5284.359075784623,5332.55286521369,3.0,3.0,1.0,1.0,48.19378942906678
10223,5252.774172389503,5253.8196108250795,2.0,2.0,1.0,1.0,1.0454384355762159
10224,5332.199640395716,5280.548257533352,3.0,3.0,1.0,1.0,-51.6513828623647
10225,5267.130864714743,5276.188400473142,2.0,2.0,1.0,1.0,9.057535758398444
10226,5271.829968059758,5272.553043539016,3.0,3.0,1.0,1.0,0.7230754792572043
10227,5254.782656471044,5252.425725882564,2.0,2.0,1.0,1.0,-2.3569305884802816
10228,5290.027330521151,5287.1084321861235,3.0,2.0,1.0,1.0,-2.918898335027734
10229,5295.6783075878575,5300.035203333089,3.0,3.0,1.0,1.0,4.356895745231668
10230,5255.815898510393,5274.15674192298,1.0,1.0,1.0,1.0,18.340843412586764
10231,5263.9179368513915,5259.484299959442,3.0,3.0,1.0,1.0,-4.433636891949391
10232,5239.112475798507,5243.663429901431,2.0,2.0,1.0,1.0,4.550954102924152
10233,5299.935764580764,5299.846517472022,3.0,3.0,1.0,1.0,-0.08924710874180164
10234,5241.718718973914,5245.467112495187,1.0,1.0,1.0,1.0,3.748393521273101
10235,5294.241869587008,5298.695173936241,3.0,3.0,1.0,1.0,4.453304349232894
10236,5280.009812782559,5280.967987408068,3.0,3.0,1.0,1.0,0.9581746255098551
10237,5289.0006326717585,5318.550677511335,3.0,4.0,1.0,1.0,29.550044839576913
10238,5274.315641580976,5247.313352890228,3.0,1.0,1.0,1.0,-27.002288690748173
10239,5267.701274618777,5352.91721518694,2.0,4.0,1.0,1.0,85.2159405681632
10240,5297.901448289818,5302.0215397690545,4.0,4.0,1.0,1.0,4.12009147923618
10241,5298.319079425565,5296.8938682544,4.0,4.0,1.0,1.0,-1.4252111711648467
10242,5327.7197910769155,5304.817243728104,4.0,3.0,1.0,1.0,-22.902547348811822
10243,5296.627834160018,5306.613750564939,2.0,4.0,1.0,1.0,9.985916404921227
10244,5288.652989504316,5289.530703708558,3.0,3.0,1.0,1.0,0.8777142042417836
10245,5275.576213196492,5251.020243423834,2.0,2.0,1.0,1.0,-24.5559697726585
10246,5249.119200087625,5250.479708923052,2.0,2.0,1.0,1.0,1.3605088354270265
10247,5236.623317233986,5273.773740796263,1.0,3.0,1.0,1.0,37.150423562276956
10248,5266.782852715833,5271.5689341186635,2.0,2.0,1.0,1.0,4.78608140283086
10249,5280.063519330006,5277.099023805257,3.0,3.0,1.0,1.0,-2.9644955247485996
10250,5278.109542681547,5282.383898265288,3.0,3.0,1.0,1.0,4.274355583740544
10251,5265.851452962575,5262.090336005291,3.0,2.0,1.0,1.0,-3.7611169572846848
10252,5252.474422316122,5249.332708683831,2.0,2.0,1.0,1.0,-3.141713632291612
10253,5259.091677517081,5259.091677517081,3.0,3.0,1.0,1.0,0.0
10254,5244.980382071179,5257.048440655697,1.0,1.0,1.0,1.0,12.06805858451844
10255,5249.007078958343,5272.559698384813,2.0,3.0,1.0,1.0,23.55261942646939
10256,5232.988260803424,5276.0593126332815,1.0,2.0,1.0,1.0,43.071051829857424
10257,5261.771388296246,5259.150186490035,3.0,3.0,1.0,1.0,-2.621201806211502
10258,5263.512678939914,5265.960124554292,3.0,3.0,1.0,1.0,2.4474456143780117
10259,5288.870713080959,5289.7211830922215,2.0,2.0,1.0,1.0,0.8504700112625869
10260,5303.292105147462,5308.957535113566,3.0,3.0,1.0,1.0,5.665429966104057
10261,5254.23187093733,5253.551780190468,3.0,3.0,1.0,1.0,-0.6800907468623336
10262,5270.466059577441,5274.715715616653,2.0,2.0,1.0,1.0,4.249656039211914
10263,5282.661784147566,5277.1063864857515,3.0,2.0,1.0,1.0,-5.555397661814823
10264,5258.954919546705,5262.5996191114,3.0,3.0,1.0,1.0,3.644699564694747
10265,5250.574829349407,5262.120954448494,3.0,1.0,1.0,1.0,11.546125099086566
10266,5260.96048287342,5261.879908048426,2.0,2.0,1.0,1.0,0.9194251750059266
10267,5234.744052919657,5240.953454044483,1.0,2.0,1.0,1.0,6.20940112482549
10268,5263.9068647583435,5310.153882802347,3.0,3.0,1.0,1.0,46.2470180440032
10269,5282.357028829018,5302.503952254538,3.0,4.0,1.0,1.0,20.146923425519162
10270,5302.890774041061,5287.94448018555,3.0,3.0,1.0,1.0,-14.946293855511612
10271,5296.792163120546,5296.788619267581,4.0,4.0,1.0,1.0,-0.0035438529648672557
10272,5261.315959549639,5261.850318067218,3.0,2.0,1.0,1.0,0.5343585175787666
10273,5260.430459533707,5269.35965112998,2.0,1.0,1.0,1.0,8.929191596273085
10274,5259.04862956122,5258.492094525006,3.0,3.0,1.0,1.0,-0.5565350362139725
10275,5318.637284292743,5286.434131862114,3.0,2.0,1.0,1.0,-32.203152430629416
10276,5260.654025099204,5263.575098997431,3.0,1.0,1.0,1.0,2.921073898227405
10277,5275.8238274570585,5255.60928195522,3.0,3.0,1.0,1.0,-20.214545501838984
10278,5283.040807835904,5250.926159872426,3.0,2.0,1.0,1.0,-32.11464796347809
10279,5239.272949585802,5240.455408898473,2.0,2.0,1.0,1.0,1.1824593126711989
10280,5263.793643216631,5286.887743190376,2.0,3.0,1.0,1.0,23.09409997374496
10281,5292.045144780081,5279.424065002665,4.0,3.0,1.0,1.0,-12.621079777415616
10282,5273.675385027794,5273.675385027794,3.0,3.0,1.0,1.0,0.0
10283,5247.955754987092,5277.690956929277,2.0,3.0,1.0,1.0,29.735201942184176
10284,5331.416176452104,5352.97164313925,4.0,4.0,1.0,1.0,21.55546668714578
10285,5275.785180972843,5281.041140187637,3.0,2.0,1.0,1.0,5.2559592147945295
10286,5283.822467766466,5281.101268775168,3.0,3.0,1.0,1.0,-2.7211989912975696
10287,5265.225174281584,5274.2431500202665,3.0,3.0,1.0,1.0,9.017975738682253
10288,5282.069531981397,5278.002193355906,3.0,3.0,1.0,1.0,-4.067338625491175
10289,5264.184583114988,5285.560910733011,3.0,3.0,1.0,1.0,21.376327618023424
10290,5240.416182797861,5257.692039141518,2.0,2.0,1.0,1.0,17.275856343656415
10291,5285.840769466742,5293.132948517056,3.0,2.0,1.0,1.0,7.292179050314189
10292,5257.970069463238,5260.115486976134,1.0,1.0,1.0,1.0,2.1454175128956194
10293,5317.663686718977,5304.758115692917,4.0,3.0,1.0,1.0,-12.905571026059988
10294,5291.547479537465,5307.056841317788,4.0,3.0,1.0,1.0,15.509361780323161
10295,5264.758198798659,5263.017668178315,3.0,3.0,1.0,1.0,-1.740530620343634
10296,5254.056911883164,5256.702544785464,1.0,1.0,1.0,1.0,2.645632902300349
10297,5262.770472441648,5265.778964503648,3.0,3.0,1.0,1.0,3.0084920620001867
10298,5268.298371964142,5267.659276824426,3.0,3.0,1.0,1.0,-0.6390951397152094
10299,5252.891613129179,5254.29541939218,2.0,1.0,1.0,1.0,1.4038062630006607
10300,5271.3445753933365,5274.062011848742,3.0,3.0,1.0,1.0,2.717436455405732
10301,5254.471716241795,5258.169599385479,3.0,3.0,1.0,1.0,3.697883143684521
10302,5292.995229997419,5293.0398774524165,3.0,3.0,1.0,1.0,0.04464745499717537
10303,5263.287337056087,5263.287337056087,3.0,3.0,1.0,1.0,0.0
10304,5255.637358615689,5251.712321062308,2.0,2.0,1.0,1.0,-3.9250375533811166
10305,5246.028888548916,5286.677817653339,1.0,2.0,1.0,1.0,40.64892910442268
10306,5266.236361302464,5268.908691708937,2.0,2.0,1.0,1.0,2.6723304064735203
10307,5259.262700878236,5254.01832514676,2.0,2.0,1.0,1.0,-5.244375731475884
10308,5284.680940313823,5284.49628971804,3.0,3.0,1.0,1.0,-0.18465059578284126
10309,5288.868024091808,5265.472191262353,3.0,1.0,1.0,1.0,-23.395832829455685
10310,5287.124241058701,5301.471007300257,3.0,4.0,1.0,1.0,14.346766241555997
10311,5302.038005541688,5295.324589624007,3.0,4.0,1.0,1.0,-6.713415917681232
10312,5291.252673184635,5285.945852668768,3.0,3.0,1.0,1.0,-5.3068205158670025
10313,5278.020797770503,5274.852793747413,3.0,3.0,1.0,1.0,-3.1680040230903614
10314,5353.652888839303,5352.96327794579,5.0,5.0,1.0,1.0,-0.689610893513418
10315,5276.125838779816,5280.706884793839,2.0,2.0,1.0,1.0,4.5810460140228315
10316,5265.482435343573,5271.961579893939,2.0,2.0,1.0,1.0,6.4791445503660725
10317,5311.632767947301,5308.989385465696,4.0,4.0,1.0,1.0,-2.643382481604931
10318,5342.869267436581,5313.674656343204,4.0,4.0,1.0,1.0,-29.194611093376807
10319,5312.780461989096,5269.7622701648215,4.0,3.0,1.0,1.0,-43.018191824274254
10320,5262.691909277477,5262.976033608778,2.0,2.0,1.0,1.0,0.28412433130142745
10321,5304.267948804717,5301.645282265521,2.0,2.0,1.0,1.0,-2.6226665391959614
10322,5301.115269392401,5303.600115909083,4.0,4.0,1.0,1.0,2.4848465166815004
10323,5249.742632575584,5253.380594911927,2.0,2.0,1.0,1.0,3.6379623363427527
10324,5275.215855571302,5284.512145453458,1.0,2.0,1.0,1.0,9.296289882156088
10325,5290.102481201613,5283.132614293159,3.0,3.0,1.0,1.0,-6.969866908453696
10326,5254.074638135987,5257.623323430774,2.0,1.0,1.0,1.0,3.548685294786992
10327,5276.801863793131,5275.258670909392,3.0,3.0,1.0,1.0,-1.5431928837388114
10328,5289.8169686033325,5306.067958435523,4.0,4.0,1.0,1.0,16.2509898321905
10329,5302.59832699768,5251.541895133932,4.0,3.0,1.0,1.0,-51.056431863748
10330,5289.663352898437,5287.491723054482,3.0,3.0,1.0,1.0,-2.1716298439550883
10331,5242.753838452288,5296.728931651717,1.0,3.0,1.0,1.0,53.975093199429466
10332,5251.549174289259,5258.350377140669,2.0,2.0,1.0,1.0,6.801202851409471
10333,5262.694811799024,5246.695279888244,3.0,2.0,1.0,1.0,-15.999531910780206
10334,5277.799691943385,5280.151056780198,3.0,3.0,1.0,1.0,2.351364836812536
10335,5283.560080545591,5278.544390103659,3.0,3.0,1.0,1.0,-5.015690441931838
10336,5292.4962355970665,5284.565525964449,2.0,2.0,1.0,1.0,-7.930709632617436
10337,5249.796497752743,5251.079600422309,2.0,2.0,1.0,1.0,1.2831026695666878
10338,5259.076010880409,5278.55332022503,3.0,2.0,1.0,1.0,19.477309344621062
10339,5271.085956137989,5271.350654200405,3.0,3.0,1.0,1.0,0.2646980624158459
10340,5262.534339147122,5261.102315050879,2.0,2.0,1.0,1.0,-1.4320240962433672
10341,5276.038988829273,5270.047949204936,3.0,3.0,1.0,1.0,-5.991039624336736
10342,5271.7328301768985,5245.5562114875565,3.0,1.0,1.0,1.0,-26.17661868934192
10343,5279.105960981917,5279.105960981917,3.0,3.0,1.0,1.0,0.0
10344,5314.897190248695,5291.146911483713,3.0,3.0,1.0,1.0,-23.750278764981886
10345,5259.587349360211,5261.393414337918,3.0,3.0,1.0,1.0,1.8060649777071376
10346,5298.355104712114,5300.662072651385,3.0,3.0,1.0,1.0,2.3069679392710896
10347,5280.612165063676,5280.021452927193,3.0,3.0,1.0,1.0,-0.5907121364825798
10348,5268.316414994765,5263.25445355015,2.0,2.0,1.0,1.0,-5.061961444615008
10349,5289.730487810057,5290.54268783141,3.0,3.0,1.0,1.0,0.8122000213534193
10350,5285.524694660667,5314.7173145202005,3.0,4.0,1.0,1.0,29.192619859533806
10351,5272.988697041455,5272.988697041455,3.0,3.0,1.0,1.0,0.0
10352,5250.020547160854,5259.3684458428825,1.0,1.0,1.0,1.0,9.347898682028244
10353,5272.601144189541,5276.482240458592,3.0,3.0,1.0,1.0,3.8810962690513406
10354,5286.39979252264,5286.344202896806,4.0,4.0,1.0,1.0,-0.055589625834727485
10355,5244.812057719516,5243.644344703408,2.0,2.0,1.0,1.0,-1.1677130161078821
10356,5284.204520625418,5280.014481614685,3.0,3.0,1.0,1.0,-4.190039010733017
10357,5282.941660266725,5293.966830880831,2.0,3.0,1.0,1.0,11.025170614106173
10358,5290.094384515908,5286.0250000030965,3.0,3.0,1.0,1.0,-4.069384512811666
10359,5301.438258430793,5307.013866965604,4.0,3.0,1.0,1.0,5.575608534811181
10360,5270.902368185382,5279.615529533691,2.0,2.0,1.0,1.0,8.713161348308859
10361,5258.200069452672,5257.750404664072,2.0,2.0,1.0,1.0,-0.44966478859987546
10362,5313.512083958618,5276.841760911312,3.0,3.0,1.0,1.0,-36.67032304730583
10363,5309.695143354016,5294.325247589449,3.0,4.0,1.0,1.0,-15.369895764567445
10364,5276.68564435829,5275.521248001595,3.0,3.0,1.0,1.0,-1.1643963566948514
10365,5252.478417739169,5262.437158721882,2.0,2.0,1.0,1.0,9.958740982712698
10366,5256.7608370732705,5263.42016832577,3.0,3.0,1.0,1.0,6.659331252499214
10367,5263.370481813825,5270.009488578967,1.0,1.0,1.0,1.0,6.639006765141858
10368,5275.101507275593,5314.482727266863,3.0,4.0,1.0,1.0,39.38121999126997
10369,5284.535755652754,5282.682244853374,3.0,3.0,1.0,1.0,-1.853510799380274
10370,5285.28416673898,5288.102162042316,2.0,3.0,1.0,1.0,2.8179953033359197
10371,5253.612418790159,5283.974209901891,2.0,2.0,1.0,1.0,30.3617911117326
10372,5256.7162465275205,5308.403662180852,3.0,2.0,1.0,1.0,51.6874156533313
10373,5358.510811688218,5301.788844071156,6.0,4.0,1.0,1.0,-56.721967617062546
10374,5259.532573497439,5263.185468746646,2.0,2.0,1.0,1.0,3.652895249206267
10375,5288.582532794973,5296.249804471359,4.0,4.0,1.0,1.0,7.667271676386008
10376,5244.029964531973,5254.518482226108,2.0,2.0,1.0,1.0,10.488517694135226
10377,5286.1867069257905,5286.560194091595,3.0,3.0,1.0,1.0,0.37348716580436303
10378,5271.9036461398055,5272.942919853605,2.0,2.0,1.0,1.0,1.0392737137999575
10379,5251.603577651804,5297.791728589158,2.0,3.0,1.0,1.0,46.188150937354294
10380,5338.76199586317,5322.4015175389995,4.0,3.0,1.0,1.0,-16.3604783241708
10381,5256.682071114424,5263.698296567863,1.0,1.0,1.0,1.0,7.016225453438892
10382,5276.341513963371,5277.158169573252,3.0,3.0,1.0,1.0,0.8166556098813089
10383,5269.230759851839,5332.433699044335,3.0,5.0,1.0,1.0,63.20293919249616
10384,5255.711955893945,5252.733455736052,2.0,3.0,1.0,1.0,-2.978500157892995
10385,5292.9530435052975,5286.352167945175,2.0,2.0,1.0,1.0,-6.600875560122404
10386,5244.127037281937,5257.440466408433,1.0,1.0,1.0,1.0,13.313429126495976
10387,5256.929641549635,5271.96546131439,1.0,1.0,1.0,1.0,15.035819764755615
10388,5256.403565542723,5258.298691265167,2.0,1.0,1.0,1.0,1.8951257224434812
10389,5291.392276851828,5290.00942575876,3.0,3.0,1.0,1.0,-1.382851093067984
10390,5272.014894131526,5277.212202634761,3.0,3.0,1.0,1.0,5.1973085032350355
10391,5277.42630608752,5277.42630608752,3.0,3.0,1.0,1.0,0.0
10392,5281.084206152501,5323.392732414829,3.0,4.0,1.0,1.0,42.30852626232809
10393,5250.506434229605,5276.841972036428,2.0,2.0,1.0,1.0,26.335537806823595
10394,5253.283419945767,5272.178321116296,2.0,2.0,1.0,1.0,18.89490117052901
10395,5265.74541800614,5263.506270811892,3.0,3.0,1.0,1.0,-2.2391471942482895
10396,5280.722994901753,5292.259587095992,2.0,3.0,1.0,1.0,11.536592194239347
10397,5277.999358320558,5263.854004583783,1.0,1.0,1.0,1.0,-14.145353736775178
10398,5272.083102757055,5271.44855106563,3.0,3.0,1.0,1.0,-0.634551691424349
10399,5289.877748405323,5290.208606275927,4.0,4.0,1.0,1.0,0.3308578706046319
10400,5271.346469266445,5271.66027195274,3.0,3.0,1.0,1.0,0.31380268629527563
10401,5274.289115268824,5273.3411585674285,3.0,3.0,1.0,1.0,-0.947956701395924
10402,5274.117419277922,5272.5536825849595,2.0,3.0,1.0,1.0,-1.5637366929622658
10403,5253.287089982757,5258.975342573038,2.0,1.0,1.0,1.0,5.688252590281081
10404,5269.072335202888,5268.193775098089,3.0,3.0,1.0,1.0,-0.8785601047993623
10405,5239.24833969343,5248.64093488288,2.0,2.0,1.0,1.0,9.392595189449821
10406,5247.579597619539,5258.815231462677,1.0,1.0,1.0,1.0,11.235633843138203
10407,5289.816740821856,5292.37225535471,3.0,3.0,1.0,1.0,2.5555145328544313
10408,5255.246728928227,5248.358096895533,2.0,1.0,1.0,1.0,-6.888632032693749
10409,5276.848482754206,5279.306574139769,3.0,2.0,1.0,1.0,2.4580913855625113
10410,5308.830580805011,5275.530226346913,4.0,2.0,1.0,1.0,-33.3003544580979
10411,5289.662520238416,5325.605006855779,3.0,3.0,1.0,1.0,35.9424866173631
10412,5258.010305818887,5261.592691478003,2.0,2.0,1.0,1.0,3.582385659115971
10413,5305.938039753952,5255.766916612183,4.0,3.0,1.0,1.0,-50.171123141768476
10414,5248.441173784046,5249.434832317487,1.0,1.0,1.0,1.0,0.9936585334407937
10415,5252.394021615078,5252.686245182565,2.0,2.0,1.0,1.0,0.2922235674868716
10416,5270.172214780449,5269.2248851474615,2.0,2.0,1.0,1.0,-0.9473296329879304
10417,5321.634148091887,5334.673090490655,3.0,5.0,1.0,1.0,13.038942398768086
10418,5281.328376610239,5280.674055660406,3.0,3.0,1.0,1.0,-0.654320949832254
10419,5249.943816925178,5252.160020426909,2.0,1.0,1.0,1.0,2.216203501730888
10420,5245.076335972975,5246.19042893512,2.0,1.0,1.0,1.0,1.114092962144241
10421,5249.031225281884,5252.731763631364,2.0,2.0,1.0,1.0,3.700538349479757
10422,5299.570109054004,5265.053101340884,3.0,2.0,1.0,1.0,-34.51700771312062
10423,5341.7188926956915,5281.6226935747745,4.0,3.0,1.0,1.0,-60.096199120916935
10424,5342.580183921105,5362.46965536589,5.0,5.0,1.0,1.0,19.88947144478425
10425,5262.614279191703,5260.531553503489,2.0,2.0,1.0,1.0,-2.082725688213941
10426,5249.945468511243,5252.914873724024,3.0,3.0,1.0,1.0,2.969405212780657
10427,5265.946173377858,5278.874114537574,2.0,3.0,1.0,1.0,12.927941159716283
10428,5266.759484354548,5265.901034114966,3.0,3.0,1.0,1.0,-0.8584502395815434
10429,5253.684228598834,5255.221082618235,3.0,3.0,1.0,1.0,1.5368540194012894
10430,5298.124203471194,5293.302341850047,3.0,3.0,1.0,1.0,-4.821861621147036
10431,5287.946779334742,5260.034821827108,3.0,2.0,1.0,1.0,-27.911957507633815
10432,5254.0691738563155,5248.451744451802,2.0,1.0,1.0,1.0,-5.617429404513132
10433,5287.133990542563,5254.06015002811,3.0,1.0,1.0,1.0,-33.07384051445297
10434,5261.686301316317,5262.1109086214565,3.0,3.0,1.0,1.0,0.424607305139034
10435,5254.304316140608,5260.401880659123,2.0,1.0,1.0,1.0,6.097564518515355
10436,5279.707171096241,5277.753267559679,3.0,3.0,1.0,1.0,-1.9539035365614836
10437,5249.527799991957,5250.707602642428,2.0,2.0,1.0,1.0,1.1798026504711743
10438,5246.283183324615,5259.05802128884,1.0,1.0,1.0,1.0,12.774837964225298
10439,5299.400739859061,5301.297309609851,3.0,3.0,1.0,1.0,1.8965697507901496
10440,5288.133279241848,5282.107951161955,3.0,3.0,1.0,1.0,-6.02532807989337
10441,5287.281742948603,5276.917952034687,3.0,2.0,1.0,1.0,-10.363790913916091
10442,5289.603902805796,5292.720056353615,3.0,3.0,1.0,1.0,3.116153547819522
10443,5301.418408162402,5280.365916274335,3.0,2.0,1.0,1.0,-21.05249188806647
10444,5317.246946793263,5324.350555805079,4.0,4.0,1.0,1.0,7.103609011815934
10445,5250.608209257134,5266.431498364614,1.0,1.0,1.0,1.0,15.823289107479468
10446,5274.13857933389,5274.13857933389,3.0,3.0,1.0,1.0,0.0
10447,5264.486160880645,5261.5738667715905,3.0,3.0,1.0,1.0,-2.9122941090545282
10448,5278.339471997716,5289.167949043329,3.0,4.0,1.0,1.0,10.828477045612999
10449,5324.0800675062965,5380.3450818109695,5.0,4.0,1.0,1.0,56.26501430467306
10450,5247.884083707853,5317.540496528532,1.0,2.0,1.0,1.0,69.65641282067827
10451,5294.192782970241,5288.68996527448,4.0,3.0,1.0,1.0,-5.502817695761223
10452,5260.09537658134,5259.981992057034,3.0,3.0,1.0,1.0,-0.11338452430572943
10453,5284.325547631585,5281.741908323831,3.0,3.0,1.0,1.0,-2.5836393077543107
10454,5255.637065773115,5277.631456383348,1.0,2.0,1.0,1.0,21.994390610233495
10455,5302.296490034785,5272.597828827339,4.0,3.0,1.0,1.0,-29.698661207446094
10456,5245.746715962872,5264.395383075701,1.0,1.0,1.0,1.0,18.64866711282866
10457,5275.796081583638,5256.739575397865,3.0,3.0,1.0,1.0,-19.056506185772378
10458,5230.137466364782,5235.674378925972,1.0,1.0,1.0,1.0,5.536912561189638
10459,5268.631757437287,5267.460233511567,3.0,3.0,1.0,1.0,-1.1715239257200665
10460,5241.198491158751,5250.165277719615,2.0,2.0,1.0,1.0,8.96678656086442
10461,5271.640237983973,5277.433832975327,3.0,3.0,1.0,1.0,5.793594991354439
10462,5279.011421849656,5285.428267681139,2.0,2.0,1.0,1.0,6.4168458314834425
10463,5242.185160370889,5275.128351582618,2.0,3.0,1.0,1.0,32.943191211728845
10464,5313.7956849348275,5289.286210090517,4.0,3.0,1.0,1.0,-24.509474844310716
10465,5243.441581031227,5243.936948780033,2.0,2.0,1.0,1.0,0.49536774880652956
10466,5298.6462625342,5292.117525234738,4.0,3.0,1.0,1.0,-6.528737299461682
10467,5249.235086627378,5260.83896707322,1.0,1.0,1.0,1.0,11.603880445842151
10468,5259.8117378452025,5287.718065509217,3.0,3.0,1.0,1.0,27.906327664014498
10469,5295.113163226971,5291.931489335415,2.0,2.0,1.0,1.0,-3.1816738915558744
10470,5325.923332465281,5277.828828125661,3.0,3.0,1.0,1.0,-48.09450433962047
10471,5253.552067011514,5254.630328190463,3.0,3.0,1.0,1.0,1.0782611789491057
10472,5255.495148487061,5261.810307562226,2.0,2.0,1.0,1.0,6.3151590751649564
10473,5255.471554118752,5252.274385572429,3.0,3.0,1.0,1.0,-3.1971685463222457
10474,5303.628143042532,5303.451430699403,4.0,4.0,1.0,1.0,-0.1767123431291111
10475,5258.635922796222,5260.167717236074,2.0,2.0,1.0,1.0,1.5317944398520922
10476,5265.588251375869,5266.726896334309,2.0,2.0,1.0,1.0,1.138644958439727
10477,5291.213775501726,5305.35333421237,3.0,4.0,1.0,1.0,14.139558710644451
10478,5264.406645021408,5255.619697388455,3.0,3.0,1.0,1.0,-8.786947632952433
10479,5271.294764752596,5275.334271952954,3.0,3.0,1.0,1.0,4.039507200357548
10480,5248.213714270819,5253.089720352699,1.0,1.0,1.0,1.0,4.876006081880405
10481,5326.295648079255,5336.705396675889,5.0,5.0,1.0,1.0,10.409748596633108
10482,5266.556460352246,5267.6601136565005,3.0,2.0,1.0,1.0,1.1036533042542942
10483,5293.196834973486,5287.239290547235,3.0,3.0,1.0,1.0,-5.957544426250934
10484,5296.241047067814,5263.567727271126,4.0,3.0,1.0,1.0,-32.67331979668779
10485,5364.877707224662,5366.324678342373,6.0,4.0,1.0,1.0,1.4469711177107456
10486,5302.908818802988,5342.1106766581015,4.0,5.0,1.0,1.0,39.2018578551133
10487,5290.342404033172,5288.126169593819,3.0,3.0,1.0,1.0,-2.2162344393527746
10488,5259.7227961572235,5264.116967616615,2.0,2.0,1.0,1.0,4.394171459391146
10489,5266.262470811888,5275.166064075049,2.0,2.0,1.0,1.0,8.903593263160474
10490,5272.600811121853,5272.090129903677,2.0,2.0,1.0,1.0,-0.5106812181766145
10491,5253.50784175744,5284.731239568069,3.0,3.0,1.0,1.0,31.22339781062965
10492,5318.60727917232,5317.530838781711,4.0,4.0,1.0,1.0,-1.0764403906086955
10493,5255.386087131164,5263.57063386187,1.0,2.0,1.0,1.0,8.184546730706643
10494,5357.3583135308845,5352.8434921723,6.0,5.0,1.0,1.0,-4.514821358584413
10495,5293.730876068135,5290.214997437742,3.0,3.0,1.0,1.0,-3.515878630393672
10496,5295.886891122542,5292.79361769661,3.0,3.0,1.0,1.0,-3.0932734259313293
10497,5278.009005271752,5254.8487456279545,4.0,3.0,1.0,1.0,-23.160259643797872
10498,5292.15635865356,5288.89657902215,4.0,4.0,1.0,1.0,-3.2597796314103107
10499,5246.941998133723,5249.530397862054,2.0,2.0,1.0,1.0,2.5883997283308418
AGGREGATE,5275.476835318094,5277.92453832876,2.664,2.598,1.0,1.0,2.4477030106655038
