Compound,CircuitKey,Era,pool_level,b,c,b_ci,c_ci,r2,n_stints,n_laps,temp_ref,b_temp,c_temp
HARD,Abu Dhabi Grand Prix,0,circuit,0.031075322987268002,0.0006052681148768776,0.007424392361826517,0.00026864025940254177,0.3201,59,1393,33.3,0.0024169566763642255,-4.998900411653055e-05
HARD,Australian Grand Prix,0,circuit,-0.027914486670855707,-0.00020868612752579158,0.010249207720022708,0.0002778993624716901,0.1101,74,1935,35.46,0.0024169566763642255,-4.998900411653055e-05
HARD,Australian Grand Prix,1,circuit,0.06161941089210998,-0.00041991417199094093,0.015316834713233198,0.0004246417868094568,0.2385,20,500,35.95,0.004586303527001297,-2.236163259440758e-05
HARD,Austrian Grand Prix,0,circuit,0.06574713407018791,0.0005010717482754911,0.010531683634528213,0.00039739092966251794,0.3651,88,1931,38.93,0.0024169566763642255,-4.998900411653055e-05
HARD,Bahrain Grand Prix,0,circuit,0.07466210072278633,0.0005461776602611025,0.012487068675024,0.0005787249248861833,0.3859,91,1645,27.36,0.0024169566763642255,-4.998900411653055e-05
HARD,British Grand Prix,0,circuit,0.023269449680360453,-0.0006154505521852833,0.03364667732590557,0.0015393882002014277,0.0028,21,303,29.23,0.0024169566763642255,-4.998900411653055e-05
HARD,Canadian Grand Prix,0,circuit,-0.007119355515234585,0.0007129470660553732,0.006789123822213594,0.00017708120858228002,0.0949,91,2468,40.98,0.0024169566763642255,-4.998900411653055e-05
HARD,Canadian Grand Prix,1,era,0.040491380557650114,-0.000352102423712247,0.009976884825677228,0.000279550946538841,0.0581,87,2369,17.9,0.004586303527001297,-2.236163259440758e-05
HARD,Chinese Grand Prix,0,circuit,0.05535540967817769,-0.0008421674601121747,0.011150365595734325,0.0003231901027929867,-0.0292,48,1162,33.21,0.0024169566763642255,-4.998900411653055e-05
HARD,Chinese Grand Prix,1,circuit,-0.010484843805128041,0.000264622959515108,0.01700603063990848,0.00043471230029181135,0.0003,19,586,22.4,0.004586303527001297,-2.236163259440758e-05
HARD,Dutch Grand Prix,0,circuit,0.05533760390969989,-0.00027214473309587365,0.007612014032341927,0.00020701058878560207,0.2736,56,1509,30.47,0.0024169566763642255,-4.998900411653055e-05
HARD,Emilia Romagna Grand Prix,0,circuit,0.04940939575495349,0.0003581955518353938,0.008103875564153958,0.0002353055547844431,0.4227,54,1348,41.82,0.0024169566763642255,-4.998900411653055e-05
HARD,French Grand Prix,0,circuit,0.010069930278381312,0.0004984230763497499,0.015379217066207145,0.0005081873691212498,0.1535,22,482,55.45,0.0024169566763642255,-4.998900411653055e-05
HARD,Hungarian Grand Prix,0,circuit,0.050385236876437346,0.0002656492733313534,0.008044961649756644,0.00025526553912376805,0.2482,91,2519,40.57,0.0024169566763642255,-4.998900411653055e-05
HARD,Italian Grand Prix,0,circuit,0.023250459795986975,-0.00012099216814405294,0.009515350128282932,0.0002966968005096311,0.0303,75,1919,45.6,0.0024169566763642255,-4.998900411653055e-05
HARD,Japanese Grand Prix,0,circuit,0.10488301274619476,-0.002916251083247859,0.014831295078055844,0.0005920047402473385,0.0417,68,1445,33.47,0.0024169566763642255,-4.998900411653055e-05
HARD,Japanese Grand Prix,1,circuit,-0.05752516847104111,0.0016907308049028803,0.020525380070189603,0.000651372573063359,0.0207,19,490,34.45,0.004586303527001297,-2.236163259440758e-05
HARD,Las Vegas Grand Prix,0,circuit,-0.025515443782918413,0.0005513858841702232,0.012251605452696993,0.00043387552098594895,-0.0128,84,1705,17.69,0.0024169566763642255,-4.998900411653055e-05
HARD,Mexico City Grand Prix,0,circuit,0.026600118649727923,0.00035841124931429506,0.00790726574684857,0.00021494548649433974,0.2206,47,1371,41.03,0.0024169566763642255,-4.998900411653055e-05
HARD,Miami Grand Prix,0,circuit,-0.0006604866559127777,0.00040550872870868823,0.007058334318840375,0.00020508165278004838,0.0452,75,2002,39.59,0.0024169566763642255,-4.998900411653055e-05
HARD,Miami Grand Prix,1,circuit,0.07831935082151652,-0.0006328352355500372,0.011728582644338903,0.00036644619715043875,0.2762,15,413,36.75,0.004586303527001297,-2.236163259440758e-05
HARD,Monaco Grand Prix,0,circuit,0.013208830209648331,-0.0005483809863307361,0.011197168005390707,0.0002049986782710028,0.0137,61,2248,42.45,0.0024169566763642255,-4.998900411653055e-05
HARD,Monaco Grand Prix,1,circuit,0.04734356121355829,0.0012509347772144293,0.03963313360514574,0.001164801501763411,0.2035,12,322,37.4,0.004586303527001297,-2.236163259440758e-05
HARD,Qatar Grand Prix,0,circuit,-0.10111174188579979,0.008936128903473025,0.06437772371064295,0.00395218750968369,0.1128,25,365,37.1,0.0024169566763642255,-4.998900411653055e-05
HARD,Saudi Arabian Grand Prix,0,circuit,-0.05308080483369113,0.000913211149808206,0.009690934473343387,0.0002792722000961451,0.0295,69,2006,32.78,0.0024169566763642255,-4.998900411653055e-05
HARD,Singapore Grand Prix,0,circuit,0.01416761996572303,0.0008379601737826041,0.013444909809528905,0.000398656700086637,0.1656,48,1463,35.56,0.0024169566763642255,-4.998900411653055e-05
HARD,Spanish Grand Prix,0,circuit,0.08379041498583358,-0.00021516833454875256,0.013347631914038777,0.00048239030241652506,0.2528,37,908,36.1,0.0024169566763642255,-4.998900411653055e-05
HARD,São Paulo Grand Prix,0,era,0.05141375479886418,-0.0009102181274707521,0.0020360687554636238,5.350507789433034e-05,0.042,1357,33631,33.92,0.0024169566763642255,-4.998900411653055e-05
HARD,United States Grand Prix,0,circuit,0.038312109642569994,-0.0009503022573738251,0.009999867636638776,0.0003509329527347077,0.0227,69,1446,41.38,0.0024169566763642255,-4.998900411653055e-05
INTERMEDIATE,Australian Grand Prix,0,circuit,-0.35461561448439977,0.0032963995292709164,0.0433232419600702,0.0013236701490560634,0.6039,31,515,19.0,-0.009999999999999998,0.0002909323362447893
INTERMEDIATE,British Grand Prix,0,circuit,0.06180600477937652,-0.005533578993306044,0.04600916159431812,0.0016222780888071656,0.2805,39,493,24.37,-0.009999999999999998,0.0002909323362447893
INTERMEDIATE,Canadian Grand Prix,0,circuit,-0.49999999999999867,0.008014588319350025,0.061657629429182875,0.0021758800647607014,0.3752,36,394,25.8,-0.009999999999999998,0.0002909323362447893
INTERMEDIATE,Dutch Grand Prix,0,circuit,0.39476323794010615,-0.04396765980029145,0.23865609366424512,0.013787891370150589,0.2788,31,206,25.6,-0.009999999999999998,0.0002909323362447893
INTERMEDIATE,Emilia Romagna Grand Prix,0,circuit,-0.49999999999999994,0.031599895607793346,0.18580055963899814,0.009157179127781936,0.4352,18,250,17.0,-0.009999999999999998,0.0002909323362447893
INTERMEDIATE,Monaco Grand Prix,0,circuit,-0.29669251838674054,-0.004350154722607223,0.15978883189378282,0.009715142654207353,0.433,22,187,36.66,-0.009999999999999998,0.0002909323362447893
INTERMEDIATE,São Paulo Grand Prix,0,circuit,-0.16022864911417653,-9.926152606658883e-05,0.039130108773003734,0.0012317419429213473,0.3092,33,686,25.1,-0.009999999999999998,0.0002909323362447893
MEDIUM,Abu Dhabi Grand Prix,0,circuit,0.039880614216962075,0.002713761697303419,0.027862134932208644,0.001427539417287853,0.2751,44,705,33.52,0.004322099629111507,-5.409007122080899e-05
MEDIUM,Australian Grand Prix,0,circuit,0.026899504068162366,-0.0008664922894277514,0.02888787202212778,0.001142560756770542,-0.0019,33,405,36.57,0.004322099629111507,-5.409007122080899e-05
MEDIUM,Australian Grand Prix,1,circuit,-0.0741107206828957,0.0032000338846143173,0.04046121478144794,0.0019938182658482636,0.0364,18,223,35.95,0.006481803447626622,-0.0001066954323061197
MEDIUM,Austrian Grand Prix,0,circuit,0.06325021431320242,0.0008637378666753149,0.014897658976552628,0.0005998124589304272,0.3222,95,1591,41.37,0.004322099629111507,-5.409007122080899e-05
MEDIUM,Bahrain Grand Prix,0,circuit,0.12234471474464814,-0.000844390903287548,0.018315195242652148,0.0008765729443631313,0.4253,49,775,30.13,0.004322099629111507,-5.409007122080899e-05
MEDIUM,British Grand Prix,0,circuit,0.021091527602860722,-5.5744770030869e-05,0.020902355696917015,0.0008269891024915484,0.029,69,1307,27.97,0.004322099629111507,-5.409007122080899e-05
MEDIUM,Canadian Grand Prix,0,circuit,-0.10037668060172976,0.002380528368457377,0.030712120349523978,0.0012228552234275498,0.0483,77,989,37.36,0.004322099629111507,-5.409007122080899e-05
MEDIUM,Canadian Grand Prix,1,circuit,-0.16108820857156933,0.003997029563259804,0.02366171978945022,0.0006878996552190613,0.1446,22,490,17.9,0.006481803447626622,-0.0001066954323061197
MEDIUM,Chinese Grand Prix,0,circuit,0.23993307792421228,-0.0066169555148348205,0.03808317194995455,0.001849383672046654,0.1891,44,504,32.17,0.004322099629111507,-5.409007122080899e-05
MEDIUM,Chinese Grand Prix,1,circuit,0.02844674628813742,0.0053070140534604545,0.07713143343385896,0.004459663494093763,0.3212,14,145,22.4,0.006481803447626622,-0.0001066954323061197
MEDIUM,Dutch Grand Prix,0,circuit,0.01971281625212421,0.001423957317469563,0.012482626229660378,0.0005138619950317158,0.266,70,1424,30.54,0.004322099629111507,-5.409007122080899e-05
MEDIUM,Emilia Romagna Grand Prix,0,circuit,-0.035388739290986494,-0.0009054124133654331,0.02233082130355537,0.0006478582395530551,0.1006,62,1477,30.93,0.004322099629111507,-5.409007122080899e-05
MEDIUM,French Grand Prix,0,circuit,0.10269940710380755,-0.002745416482415988,0.016026795457410727,0.0007161329688507978,0.1947,21,303,55.45,0.004322099629111507,-5.409007122080899e-05
MEDIUM,Hungarian Grand Prix,0,circuit,0.03644155663190243,0.00042573670842829266,0.011356915832122177,0.00041599526395592743,0.1614,96,2011,36.32,0.004322099629111507,-5.409007122080899e-05
MEDIUM,Italian Grand Prix,0,circuit,0.016439723052169807,5.041376715842875e-05,0.014667723234928966,0.0005238017416796494,0.018,76,1459,44.39,0.004322099629111507,-5.409007122080899e-05
MEDIUM,Japanese Grand Prix,0,circuit,0.06591641085888333,-0.0008717013002448129,0.019378740101249542,0.0008767853309829726,0.0538,55,901,31.1,0.004322099629111507,-5.409007122080899e-05
MEDIUM,Japanese Grand Prix,1,circuit,0.03309317007805124,0.00024110707500123375,0.01684902267662953,0.0007798804451725597,0.1135,23,433,34.45,0.006481803447626622,-0.0001066954323061197
MEDIUM,Las Vegas Grand Prix,0,circuit,0.10570855581677628,-0.0028835161043775205,0.05237940483675938,0.002427534836961204,0.0379,47,584,17.69,0.004322099629111507,-5.409007122080899e-05
MEDIUM,Mexico City Grand Prix,0,circuit,0.023795070375342477,0.0005945098025042295,0.008779933397672902,0.00027021345907442506,0.1806,78,2138,43.51,0.004322099629111507,-5.409007122080899e-05
MEDIUM,Miami Grand Prix,0,circuit,0.05117516984694493,-0.0011272884245283222,0.018269848810617554,0.0007330176162002679,0.0262,73,1246,41.41,0.004322099629111507,-5.409007122080899e-05
MEDIUM,Miami Grand Prix,1,circuit,0.015840402952466387,0.0018185896604196413,0.03435596996385622,0.0012434277109605511,0.1963,17,328,36.75,0.006481803447626622,-0.0001066954323061197
MEDIUM,Monaco Grand Prix,0,circuit,-0.07611288397409721,0.0008272449390884875,0.016502561216172197,0.00032613492097117346,-0.0264,49,1339,41.16,0.004322099629111507,-5.409007122080899e-05
MEDIUM,Monaco Grand Prix,1,circuit,-0.04465814588765746,0.0018742708431289117,0.01530285267267613,0.00039306330983994854,0.2558,18,597,37.4,0.006481803447626622,-0.0001066954323061197
MEDIUM,Qatar Grand Prix,0,circuit,-0.11705272940256191,0.005748834231561621,0.05615668589291353,0.0028860018307703267,0.024,40,479,37.1,0.004322099629111507,-5.409007122080899e-05
MEDIUM,Saudi Arabian Grand Prix,0,circuit,-0.002527009025141199,-0.000558114735228761,0.016380945471139705,0.0006022152560947953,0.0337,63,956,32.54,0.004322099629111507,-5.409007122080899e-05
MEDIUM,Singapore Grand Prix,0,circuit,-0.04751640813446605,0.002201859349465246,0.011882429208811055,0.0003812310876039703,0.1381,57,1297,35.46,0.004322099629111507,-5.409007122080899e-05
MEDIUM,Spanish Grand Prix,0,circuit,0.08510861182424277,0.0001550148685305256,0.0140276021672411,0.0006011287045511917,0.2868,83,1758,43.27,0.004322099629111507,-5.409007122080899e-05
MEDIUM,São Paulo Grand Prix,0,circuit,0.09008376780766564,-0.00010635141267785929,0.009432793828772636,0.00030739320781075573,0.3537,78,1656,39.25,0.004322099629111507,-5.409007122080899e-05
MEDIUM,United States Grand Prix,0,circuit,0.018654721593370647,0.0004272977208322305,0.009731867420641334,0.00037740456789026223,0.1086,96,1714,42.5,0.004322099629111507,-5.409007122080899e-05
SOFT,Abu Dhabi Grand Prix,0,era,0.08596345676519972,-0.00097776174562454,0.00736449525934028,0.00028839668258227337,0.0915,665,9585,34.0,-0.0013793204458665046,8.273554820053896e-05
SOFT,Australian Grand Prix,0,era,0.08596345676519972,-0.00097776174562454,0.00736449525934028,0.00028839668258227337,0.0915,665,9585,35.84,-0.0013793204458665046,8.273554820053896e-05
SOFT,Australian Grand Prix,1,circuit,-0.018906464563505376,0.003101123438347059,0.09763891419377504,0.004876058907558148,0.0527,9,105,35.95,0.009999999999999998,-9.426573566820267e-05
SOFT,Austrian Grand Prix,0,circuit,-0.4999999897720873,0.04153663913854838,0.41048708230941566,0.025570686228835147,0.3365,5,41,49.2,-0.0013793204458665046,8.273554820053896e-05
SOFT,Bahrain Grand Prix,0,circuit,0.16631321705724592,-0.0016374807614077443,0.021157396387363466,0.001051931060523425,0.3058,124,1459,28.41,-0.0013793204458665046,8.273554820053896e-05
SOFT,British Grand Prix,0,circuit,-0.01517512520053412,0.0008788425743243848,0.02881076037754452,0.0012936612981529338,0.0039,46,593,28.43,-0.0013793204458665046,8.273554820053896e-05
SOFT,Canadian Grand Prix,0,era,0.08596345676519972,-0.00097776174562454,0.00736449525934028,0.00028839668258227337,0.0915,665,9585,30.8,-0.0013793204458665046,8.273554820053896e-05
SOFT,Canadian Grand Prix,1,circuit,-0.29632857979986843,0.005692535548352714,0.0597421162361623,0.0019228985779681865,0.0465,22,391,17.9,0.009999999999999998,-9.426573566820267e-05
SOFT,Chinese Grand Prix,0,circuit,0.16471507469306035,0.004365142593503902,0.14762693947595146,0.008528934426872444,0.3412,6,61,29.9,-0.0013793204458665046,8.273554820053896e-05
SOFT,Chinese Grand Prix,1,era,-0.21260455486759636,0.0050809129942897754,0.029927982519379198,0.0008106898342197712,0.0731,56,798,22.4,0.009999999999999998,-9.426573566820267e-05
SOFT,Dutch Grand Prix,0,circuit,0.052089089460651196,-0.0007706715479485221,0.014644119883930396,0.0004994392570803158,0.0305,84,1257,29.04,-0.0013793204458665046,8.273554820053896e-05
SOFT,Emilia Romagna Grand Prix,0,circuit,0.0961050408615297,0.004596219353853211,0.2512726432851425,0.020979163154804865,0.2153,6,51,23.4,-0.0013793204458665046,8.273554820053896e-05
SOFT,Hungarian Grand Prix,0,circuit,-0.1345658421123287,0.013121786745353954,0.05299748358702307,0.0026576951569366796,0.3945,31,393,30.62,-0.0013793204458665046,8.273554820053896e-05
SOFT,Italian Grand Prix,0,circuit,-0.10260826610476817,0.007970269758457878,0.04670732657100605,0.0024488187836423283,0.3166,14,171,43.27,-0.0013793204458665046,8.273554820053896e-05
SOFT,Japanese Grand Prix,0,circuit,0.07251860081988316,0.0007852854136476302,0.07285933756870161,0.004226306977487374,0.1766,16,166,33.72,-0.0013793204458665046,8.273554820053896e-05
SOFT,Mexico City Grand Prix,0,circuit,0.03927452417865026,0.0006669150285363549,0.018014562176465458,0.0006563337362685096,0.1616,43,1043,46.93,-0.0013793204458665046,8.273554820053896e-05
SOFT,Miami Grand Prix,0,circuit,0.05377911914450508,-0.0017396664263161373,0.11054181690824236,0.00399556590901909,0.0186,5,58,44.22,-0.0013793204458665046,8.273554820053896e-05
SOFT,Miami Grand Prix,1,era,-0.21260455486759636,0.0050809129942897754,0.029927982519379198,0.0008106898342197712,0.0731,56,798,36.75,0.009999999999999998,-9.426573566820267e-05
SOFT,Monaco Grand Prix,0,circuit,0.2179155429848218,-0.003761605002769267,0.10689299472686321,0.004191338386391724,0.2507,8,111,42.9,-0.0013793204458665046,8.273554820053896e-05
SOFT,Monaco Grand Prix,1,circuit,-0.1027938609503138,0.0033772476351700237,0.04115944578742458,0.0009503962036995898,0.3109,19,235,37.4,0.009999999999999998,-9.426573566820267e-05
SOFT,Qatar Grand Prix,0,era,0.08596345676519972,-0.00097776174562454,0.00736449525934028,0.00028839668258227337,0.0915,665,9585,37.1,-0.0013793204458665046,8.273554820053896e-05
SOFT,Saudi Arabian Grand Prix,0,circuit,0.03013759853407076,0.00166324466442312,0.07596982720834564,0.0044854260369894036,0.1266,6,73,31.54,-0.0013793204458665046,8.273554820053896e-05
SOFT,Singapore Grand Prix,0,circuit,-0.06115423616810364,0.0020879322760961375,0.054945048864334045,0.002039538331639426,0.0104,21,330,34.84,-0.0013793204458665046,8.273554820053896e-05
SOFT,Spanish Grand Prix,0,circuit,0.05673348285787256,0.0020768694563312717,0.025533043038576116,0.0012193094431927937,0.1654,145,1982,43.98,-0.0013793204458665046,8.273554820053896e-05
SOFT,São Paulo Grand Prix,0,circuit,0.001063245294019377,0.002455041089705687,0.019304397966122787,0.0007261100152372753,0.1846,77,1305,45.35,-0.0013793204458665046,8.273554820053896e-05
SOFT,United States Grand Prix,0,circuit,0.03480665321365196,-0.00023565641650726398,0.025563368046937665,0.0009982148339437768,0.0657,20,421,45.42,-0.0013793204458665046,8.273554820053896e-05
WET,Canadian Grand Prix,0,era,-0.49999999999978045,0.00852080730717072,0.2931997973401472,0.01736928484414662,0.2428,19,165,25.8,0.009999999999999683,0.000205332603821254
WET,Monaco Grand Prix,0,circuit,-0.49999999999997147,0.008287776163158265,0.31975778724795423,0.018748460724499608,0.2307,17,152,31.22,0.009999999999999683,0.000205332603821254
INTERMEDIATE,*,-1,compound_global,-0.2468409766354416,0.0022375154063340712,0.025606063780365375,0.0008417615640933549,0.2262,210,2731,36.26,0.0,0.0
WET,*,-1,compound_global,-0.49999999999978045,0.00852080730717072,0.2931997973401472,0.01736928484414662,0.2428,19,165,36.26,0.0,0.0
